timeStart,timeEnd,customerStaffRatio
2022-07-05 00:00:00,2022-07-05 00:59:59,0.0
2022-07-05 01:00:00,2022-07-05 01:59:59,0.0
2022-07-05 02:00:00,2022-07-05 02:59:59,0.0
2022-07-05 03:00:00,2022-07-05 03:59:59,0.0
2022-07-05 04:00:00,2022-07-05 04:59:59,0.0
2022-07-05 05:00:00,2022-07-05 05:59:59,0.0
2022-07-05 06:00:00,2022-07-05 06:59:59,0.0
2022-07-05 07:00:00,2022-07-05 07:59:59,0.0
2022-07-05 08:00:00,2022-07-05 08:59:59,0.0
2022-07-05 09:00:00,2022-07-05 09:59:59,0.0
2022-07-05 10:00:00,2022-07-05 10:59:59,0.0
2022-07-05 11:00:00,2022-07-05 11:59:59,1.67
2022-07-05 12:00:00,2022-07-05 12:59:59,1.33
2022-07-05 13:00:00,2022-07-05 13:59:59,1.33
2022-07-05 14:00:00,2022-07-05 14:59:59,1.67
2022-07-05 15:00:00,2022-07-05 15:59:59,1.67
2022-07-05 16:00:00,2022-07-05 16:59:59,3.33
2022-07-05 17:00:00,2022-07-05 17:59:59,2.67
2022-07-05 18:00:00,2022-07-05 18:59:59,2.67
2022-07-05 19:00:00,2022-07-05 19:59:59,2.0
2022-07-05 20:00:00,2022-07-05 20:59:59,1.67
2022-07-05 21:00:00,2022-07-05 21:59:59,0.0
2022-07-05 22:00:00,2022-07-05 22:59:59,0.0
2022-07-05 23:00:00,2022-07-05 23:59:59,0.0
